"","workerid","noun","nounclass","predicateposition","predicate","correctresponse","correctclass"
"1",4,"táo","food","predicate1","màu xanh lá",0.97,"color"
"2",4,"bàn","furniture","predicate1","Đức",0.01,"nationality"
"3",4,"cà chua","food","predicate1","màu đỏ",0.95,"color"
"4",4,"chuối","food","predicate1","màu xanh lá",0.03,"color"
"5",4,"cà rốt","food","predicate1","màu tím",0.03,"color"
"6",4,"phô mai","food","predicate1","màu xanh dương",0.94,"color"
"7",4,"phô mai","food","predicate1","nhỏ",0.96,"size"
"8",4,"ghế","furniture","predicate1","màu tím",0.96,"color"
"9",4,"ghế","furniture","predicate1","Mỹ",0.02,"nationality"
"10",4,"cà rốt","food","predicate1","Đức",0.06,"nationality"
"11",4,"phô mai","food","predicate1","to",0.95,"size"
"12",4,"cà chua","food","predicate1","cũ",0,"age"
"13",4,"cà rốt","food","predicate1","nhẹ",0.95,"size"
"14",4,"ghế","furniture","predicate1","màu nâu",0.96,"color"
"15",4,"bàn","furniture","predicate1","to",0.07,"size"
"16",4,"cà chua","food","predicate1","màu đỏ",0.97,"color"
"17",4,"cà chua","food","predicate1","Pháp",0.06,"nationality"
"18",4,"bàn","furniture","predicate1","hư",0.97,"age"
"19",4,"cà chua","food","predicate1","nhẹ",0.07,"size"
"20",4,"cà rốt","food","predicate1","Mỹ",0.07,"nationality"
"21",4,"ti-vi","furniture","predicate1","to",0.03,"size"
"22",4,"phô mai","food","predicate1","màu vàng",0.95,"color"
"23",4,"táo","food","predicate1","rắn",0.95,"texture"
"24",4,"táo","food","predicate1","mới",0.92,"age"
"25",4,"táo","food","predicate1","màu đỏ",0.97,"color"
"26",4,"phô mai","food","predicate1","to",0.96,"size"
"27",6,"cà rốt","food","predicate1","màu tím",0.97,"color"
"28",6,"táo","food","predicate1","ngắn",0.01,"size"
"29",6,"quạt máy","furniture","predicate1","Đức",0,"nationality"
"30",6,"cà rốt","food","predicate1","mềm",0.99,"texture"
"31",6,"cà rốt","food","predicate1","trơn",0.97,"texture"
"32",6,"cà chua","food","predicate1","dài",0,"size"
"33",6,"ghế","furniture","predicate1","màu xanh dương",0.99,"color"
"34",6,"cà chua","food","predicate1","Pháp",0.01,"nationality"
"35",6,"cà chua","food","predicate1","cũ",0.97,"age"
"36",6,"táo","food","predicate1","tròn",0.99,"shape"
"37",6,"táo","food","predicate1","rắn",0.98,"texture"
"38",6,"cà rốt","food","predicate1","nặng",0.97,"size"
"39",6,"cà rốt","food","predicate1","rắn",0.97,"texture"
"40",6,"ti-vi","furniture","predicate1","cũ",0.02,"age"
"41",6,"cà chua","food","predicate1","mắc",0.96,"quality"
"42",6,"cà chua","food","predicate1","màu vàng",0.98,"color"
"43",6,"quạt máy","furniture","predicate1","cũ",0.01,"age"
"44",6,"quạt máy","furniture","predicate1","dài",0,"size"
"45",6,"ghế","furniture","predicate1","rắn",0.96,"texture"
"46",6,"chuối","food","predicate1","Mỹ",0.02,"nationality"
"47",6,"táo","food","predicate1","màu nâu",0,"color"
"48",6,"bàn","furniture","predicate1","Pháp",0.02,"nationality"
"49",6,"cà chua","food","predicate1","dài",0.96,"size"
"50",6,"táo","food","predicate1","cũ",0,"age"
"51",6,"cà rốt","food","predicate1","màu xanh dương",0.02,"color"
"52",6,"táo","food","predicate1","màu đỏ",0.03,"color"
"53",8,"bàn","furniture","predicate1","Mỹ",0,"nationality"
"54",8,"chuối","food","predicate1","tươi",0,"age"
"55",8,"chuối","food","predicate1","màu xanh dương",1,"color"
"56",8,"phô mai","food","predicate1","cũ",0,"age"
"57",8,"táo","food","predicate1","Mỹ",1,"nationality"
"58",8,"quạt máy","furniture","predicate1","nặng",0,"size"
"59",8,"chuối","food","predicate1","tròn",0,"shape"
"60",8,"cà rốt","food","predicate1","màu nâu",1,"color"
"61",8,"tủ","furniture","predicate1","to",0,"size"
"62",8,"cà chua","food","predicate1","dài",1,"size"
"63",8,"táo","food","predicate1","cũ",0.9,"age"
"64",8,"táo","food","predicate1","nhỏ",0.34,"size"
"65",8,"bàn","furniture","predicate1","màu nâu",0.9,"color"
"66",8,"ghế","furniture","predicate1","Đức",0.37,"nationality"
"67",8,"ghế","furniture","predicate1","tròn",0.88,"shape"
"68",8,"chuối","food","predicate1","mềm",0.36,"texture"
"69",8,"ghế","furniture","predicate1","tròn",0.84,"shape"
"70",8,"bàn","furniture","predicate1","màu xanh dương",0.13,"color"
"71",8,"táo","food","predicate1","màu vàng",0.92,"color"
"72",8,"chuối","food","predicate1","cũ",0.83,"age"
"73",8,"cà rốt","food","predicate1","dài",0.9,"size"
"74",8,"ghế","furniture","predicate1","nặng",0.87,"size"
"75",8,"phô mai","food","predicate1","vuông",0.12,"shape"
"76",8,"bàn","furniture","predicate1","Đức",0.83,"nationality"
"77",8,"ghế","furniture","predicate1","Mỹ",0.91,"nationality"
"78",8,"bàn","furniture","predicate1","to",0.08,"size"
"79",10,"chuối","food","predicate1","nhỏ",0.71,"size"
"80",10,"táo","food","predicate1","nhẹ",0.25,"size"
"81",10,"cà chua","food","predicate1","hư",0.74,"age"
"82",10,"phô mai","food","predicate1","Đức",0.29,"nationality"
"83",10,"ti-vi","furniture","predicate1","mềm",0.77,"texture"
"84",10,"ghế","furniture","predicate1","màu xanh dương",0.98,"color"
"85",10,"bàn","furniture","predicate1","rắn",0.32,"texture"
"86",10,"quạt máy","furniture","predicate1","cũ",0.84,"age"
"87",10,"tủ","furniture","predicate1","ngắn",0.98,"size"
"88",10,"ghế","furniture","predicate1","rắn",0.1,"texture"
"89",10,"tủ","furniture","predicate1","to",0.12,"size"
"90",10,"chuối","food","predicate1","tươi",0,"age"
"91",10,"ti-vi","furniture","predicate1","cũ",1,"age"
"92",10,"phô mai","food","predicate1","Mỹ",0,"nationality"
"93",10,"ti-vi","furniture","predicate1","tươi",0,"age"
"94",10,"ti-vi","furniture","predicate1","tròn",0.11,"shape"
"95",10,"ti-vi","furniture","predicate1","nhẹ",0.13,"size"
"96",10,"táo","food","predicate1","Đức",0.16,"nationality"
"97",10,"cà rốt","food","predicate1","nhỏ",0.08,"size"
"98",10,"tủ","furniture","predicate1","màu xanh lá",0.94,"color"
"99",10,"cà chua","food","predicate1","màu vàng",0.97,"color"
"100",10,"quạt máy","furniture","predicate1","màu vàng",0.96,"color"
"101",10,"quạt máy","furniture","predicate1","nhỏ",0.05,"size"
"102",10,"cà chua","food","predicate1","tròn",0.03,"shape"
"103",10,"ti-vi","furniture","predicate1","màu xanh dương",0.93,"color"
"104",10,"quạt máy","furniture","predicate1","cũ",0.95,"age"
"105",13,"chuối","food","predicate1","màu nâu",0.76,"color"
"106",13,"cà chua","food","predicate1","rắn",0.17,"texture"
"107",13,"ti-vi","furniture","predicate1","mới",0.01,"age"
"108",13,"ti-vi","furniture","predicate1","Pháp",0.03,"nationality"
"109",13,"tủ","furniture","predicate1","mắc",0.98,"quality"
"110",13,"táo","food","predicate1","nặng",0.01,"size"
"111",13,"phô mai","food","predicate1","trơn",0.98,"texture"
"112",13,"chuối","food","predicate1","hư",0.04,"age"
"113",13,"táo","food","predicate1","trơn",0.94,"texture"
"114",13,"cà chua","food","predicate1","Mỹ",0.05,"nationality"
"115",13,"quạt máy","furniture","predicate1","mềm",0.99,"texture"
"116",13,"ghế","furniture","predicate1","dài",0.01,"size"
"117",13,"ti-vi","furniture","predicate1","màu xanh lá",0.97,"color"
"118",13,"táo","food","predicate1","tệ",0.92,"quality"
"119",13,"quạt máy","furniture","predicate1","màu vàng",0.92,"color"
"120",13,"quạt máy","furniture","predicate1","mềm",0.04,"texture"
"121",13,"cà rốt","food","predicate1","nhỏ",0.05,"size"
"122",13,"cà chua","food","predicate1","màu xanh dương",1,"color"
"123",13,"chuối","food","predicate1","màu đỏ",0.95,"color"
"124",13,"bàn","furniture","predicate1","mềm",0.96,"texture"
"125",13,"táo","food","predicate1","cũ",0.03,"age"
"126",13,"ti-vi","furniture","predicate1","mới",0.96,"age"
"127",13,"táo","food","predicate1","mắc",0.97,"quality"
"128",13,"ti-vi","furniture","predicate1","nhỏ",0.98,"size"
"129",13,"quạt máy","furniture","predicate1","ngắn",0.96,"size"
"130",13,"chuối","food","predicate1","to",0.97,"size"
"131",18,"ti-vi","furniture","predicate1","mới",0.69,"age"
"132",18,"ghế","furniture","predicate1","rắn",0.28,"texture"
"133",18,"bàn","furniture","predicate1","hư",0.22,"age"
"134",18,"táo","food","predicate1","rắn",0.82,"texture"
"135",18,"cà rốt","food","predicate1","vuông",0.77,"shape"
"136",18,"phô mai","food","predicate1","cũ",0.21,"age"
"137",18,"táo","food","predicate1","rắn",0.17,"texture"
"138",18,"táo","food","predicate1","rắn",0.18,"texture"
"139",18,"bàn","furniture","predicate1","màu xanh dương",0.22,"color"
"140",18,"ghế","furniture","predicate1","tệ",0.75,"quality"
"141",18,"cà chua","food","predicate1","dài",0.71,"size"
"142",18,"cà rốt","food","predicate1","Pháp",0.24,"nationality"
"143",18,"cà rốt","food","predicate1","to",0.18,"size"
"144",18,"ghế","furniture","predicate1","Đức",0.18,"nationality"
"145",18,"tủ","furniture","predicate1","dài",0.87,"size"
"146",18,"cà rốt","food","predicate1","mắc",0.83,"quality"
"147",18,"ghế","furniture","predicate1","dài",0.16,"size"
"148",18,"cà chua","food","predicate1","nhỏ",0.13,"size"
"149",18,"tủ","furniture","predicate1","tệ",0.17,"quality"
"150",18,"phô mai","food","predicate1","dài",0.84,"size"
"151",18,"ghế","furniture","predicate1","rắn",0.13,"texture"
"152",18,"quạt máy","furniture","predicate1","rắn",0.14,"texture"
"153",18,"chuối","food","predicate1","mới",0.83,"age"
"154",18,"táo","food","predicate1","nặng",0.85,"size"
"155",18,"bàn","furniture","predicate1","màu nâu",0.82,"color"
"156",18,"cà chua","food","predicate1","hư",0.63,"age"
"157",20,"bàn","furniture","predicate1","màu tím",1,"color"
"158",20,"quạt máy","furniture","predicate1","hư",0.95,"age"
"159",20,"ghế","furniture","predicate1","nặng",0.99,"size"
"160",20,"cà chua","food","predicate1","mềm",0.05,"texture"
"161",20,"bàn","furniture","predicate1","ngắn",0.01,"size"
"162",20,"táo","food","predicate1","màu xanh lá",0.96,"color"
"163",20,"bàn","furniture","predicate1","màu xanh lá",1,"color"
"164",20,"cà chua","food","predicate1","mắc",0.94,"quality"
"165",20,"cà chua","food","predicate1","dài",0.95,"size"
"166",20,"cà rốt","food","predicate1","trơn",0.01,"texture"
"167",20,"cà chua","food","predicate1","mềm",0,"texture"
"168",20,"quạt máy","furniture","predicate1","dài",0.99,"size"
"169",20,"ti-vi","furniture","predicate1","màu nâu",0.04,"color"
"170",20,"ghế","furniture","predicate1","mới",0.95,"age"
"171",20,"cà rốt","food","predicate1","màu nâu",0.96,"color"
"172",20,"cà rốt","food","predicate1","nhỏ",0.05,"size"
"173",20,"ti-vi","furniture","predicate1","màu đỏ",0.93,"color"
"174",20,"bàn","furniture","predicate1","nhỏ",0.96,"size"
"175",20,"tủ","furniture","predicate1","tệ",0.78,"quality"
"176",20,"chuối","food","predicate1","hư",0.04,"age"
"177",20,"quạt máy","furniture","predicate1","màu tím",0,"color"
"178",20,"bàn","furniture","predicate1","to",0.03,"size"
"179",20,"quạt máy","furniture","predicate1","Mỹ",0.01,"nationality"
"180",20,"tủ","furniture","predicate1","mắc",0.15,"quality"
"181",20,"bàn","furniture","predicate1","tệ",0.64,"quality"
"182",20,"ghế","furniture","predicate1","màu vàng",0.96,"color"
"183",22,"phô mai","food","predicate1","mắc",0,"quality"
"184",22,"chuối","food","predicate1","Đức",0.04,"nationality"
"185",22,"cà rốt","food","predicate1","Mỹ",0.04,"nationality"
"186",22,"quạt máy","furniture","predicate1","màu nâu",0.99,"color"
"187",22,"bàn","furniture","predicate1","dài",1,"size"
"188",22,"ti-vi","furniture","predicate1","nhẹ",1,"size"
"189",22,"táo","food","predicate1","màu nâu",1,"color"
"190",22,"chuối","food","predicate1","tươi",0,"age"
"191",22,"bàn","furniture","predicate1","màu đỏ",1,"color"
"192",22,"quạt máy","furniture","predicate1","màu vàng",0.49,"color"
"193",22,"cà rốt","food","predicate1","hư",0.4,"age"
"194",22,"phô mai","food","predicate1","nặng",1,"size"
"195",22,"cà rốt","food","predicate1","to",0,"size"
"196",22,"phô mai","food","predicate1","vuông",0,"shape"
"197",22,"cà rốt","food","predicate1","tệ",0.49,"quality"
"198",22,"quạt máy","furniture","predicate1","nhẹ",0.79,"size"
"199",22,"phô mai","food","predicate1","màu xanh dương",1,"color"
"200",22,"phô mai","food","predicate1","trơn",1,"texture"
"201",22,"cà rốt","food","predicate1","Đức",0,"nationality"
"202",22,"chuối","food","predicate1","nặng",1,"size"
"203",22,"cà rốt","food","predicate1","tệ",0.72,"quality"
"204",22,"ti-vi","furniture","predicate1","hư",0,"age"
"205",22,"bàn","furniture","predicate1","to",0,"size"
"206",22,"ti-vi","furniture","predicate1","hư",0,"age"
"207",22,"quạt máy","furniture","predicate1","mềm",0.17,"texture"
"208",22,"bàn","furniture","predicate1","to",0.02,"size"
"209",24,"quạt máy","furniture","predicate1","tròn",0.24,"shape"
"210",24,"bàn","furniture","predicate1","màu xanh lá",1,"color"
"211",24,"cà chua","food","predicate1","nặng",1,"size"
"212",24,"ghế","furniture","predicate1","màu xanh lá",0.76,"color"
"213",24,"phô mai","food","predicate1","màu vàng",0.98,"color"
"214",24,"táo","food","predicate1","tròn",0.17,"shape"
"215",24,"phô mai","food","predicate1","nhỏ",0.88,"size"
"216",24,"quạt máy","furniture","predicate1","màu tím",0.12,"color"
"217",24,"cà chua","food","predicate1","ngắn",0.23,"size"
"218",24,"ti-vi","furniture","predicate1","vuông",0.23,"shape"
"219",24,"quạt máy","furniture","predicate1","màu xanh dương",0.89,"color"
"220",24,"ghế","furniture","predicate1","tệ",0.9,"quality"
"221",24,"cà rốt","food","predicate1","hư",0,"age"
"222",24,"tủ","furniture","predicate1","ngắn",0,"size"
"223",24,"chuối","food","predicate1","Đức",0.02,"nationality"
"224",24,"tủ","furniture","predicate1","màu vàng",0.94,"color"
"225",24,"phô mai","food","predicate1","rắn",0.97,"texture"
"226",24,"bàn","furniture","predicate1","to",0.29,"size"
"227",24,"bàn","furniture","predicate1","trơn",0.14,"texture"
"228",24,"chuối","food","predicate1","to",0.94,"size"
"229",24,"chuối","food","predicate1","mềm",0.95,"texture"
"230",24,"cà rốt","food","predicate1","mắc",0.71,"quality"
"231",24,"cà chua","food","predicate1","mới",0.76,"age"
"232",24,"bàn","furniture","predicate1","trơn",0.15,"texture"
"233",24,"táo","food","predicate1","tệ",0.83,"quality"
"234",24,"quạt máy","furniture","predicate1","màu vàng",0.87,"color"
"235",25,"cà rốt","food","predicate1","ngắn",0.16,"size"
"236",25,"chuối","food","predicate1","ngắn",0.12,"size"
"237",25,"cà chua","food","predicate1","tươi",0.31,"age"
"238",25,"cà chua","food","predicate1","tươi",0.32,"age"
"239",25,"ghế","furniture","predicate1","vuông",0.2,"shape"
"240",25,"ti-vi","furniture","predicate1","to",0.16,"size"
"241",25,"bàn","furniture","predicate1","tròn",0.31,"shape"
"242",25,"phô mai","food","predicate1","tròn",0.82,"shape"
"243",25,"táo","food","predicate1","Pháp",0.14,"nationality"
"244",25,"cà chua","food","predicate1","vuông",0.05,"shape"
"245",25,"ti-vi","furniture","predicate1","ngắn",0.05,"size"
"246",25,"chuối","food","predicate1","màu xanh dương",0.85,"color"
"247",25,"tủ","furniture","predicate1","màu vàng",0.33,"color"
"248",25,"táo","food","predicate1","màu đỏ",0.95,"color"
"249",25,"ghế","furniture","predicate1","màu vàng",0.86,"color"
"250",25,"cà rốt","food","predicate1","mới",0.07,"age"
"251",25,"ghế","furniture","predicate1","màu xanh lá",0.97,"color"
"252",25,"quạt máy","furniture","predicate1","rắn",0.78,"texture"
"253",25,"phô mai","food","predicate1","tươi",0.06,"age"
"254",25,"bàn","furniture","predicate1","màu tím",0.84,"color"
"255",25,"cà chua","food","predicate1","tươi",0.86,"age"
"256",25,"quạt máy","furniture","predicate1","cũ",0.09,"age"
"257",25,"táo","food","predicate1","nặng",0.9,"size"
"258",25,"phô mai","food","predicate1","Pháp",0.07,"nationality"
"259",25,"ghế","furniture","predicate1","ngắn",0.91,"size"
"260",25,"bàn","furniture","predicate1","tệ",0.49,"quality"
"261",27,"táo","food","predicate1","nặng",0.73,"size"
"262",27,"ti-vi","furniture","predicate1","dài",0.85,"size"
"263",27,"táo","food","predicate1","cũ",0.91,"age"
"264",27,"ti-vi","furniture","predicate1","Đức",0.13,"nationality"
"265",27,"tủ","furniture","predicate1","tươi",0.89,"age"
"266",27,"chuối","food","predicate1","rắn",0.15,"texture"
"267",27,"quạt máy","furniture","predicate1","nhỏ",0.83,"size"
"268",27,"phô mai","food","predicate1","tròn",0.91,"shape"
"269",27,"ti-vi","furniture","predicate1","hư",0.88,"age"
"270",27,"chuối","food","predicate1","hư",0.87,"age"
"271",27,"chuối","food","predicate1","Pháp",0.13,"nationality"
"272",27,"bàn","furniture","predicate1","trơn",0.06,"texture"
"273",27,"ghế","furniture","predicate1","mới",0.05,"age"
"274",27,"tủ","furniture","predicate1","Pháp",0.06,"nationality"
"275",27,"phô mai","food","predicate1","Mỹ",0.14,"nationality"
"276",27,"chuối","food","predicate1","tệ",0.9,"quality"
"277",27,"ghế","furniture","predicate1","màu vàng",1,"color"
"278",27,"ti-vi","furniture","predicate1","màu đỏ",0.04,"color"
"279",27,"bàn","furniture","predicate1","rắn",0.11,"texture"
"280",27,"táo","food","predicate1","Đức",0.03,"nationality"
"281",27,"táo","food","predicate1","màu xanh dương",0.98,"color"
"282",27,"ti-vi","furniture","predicate1","mềm",0.9,"texture"
"283",27,"quạt máy","furniture","predicate1","màu nâu",0.05,"color"
"284",27,"phô mai","food","predicate1","to",0.06,"size"
"285",27,"tủ","furniture","predicate1","màu xanh dương",0.93,"color"
"286",27,"cà chua","food","predicate1","vuông",0.04,"shape"
"287",28,"ti-vi","furniture","predicate1","cũ",1,"age"
"288",28,"ghế","furniture","predicate1","cũ",0,"age"
"289",28,"cà chua","food","predicate1","nặng",0,"size"
"290",28,"chuối","food","predicate1","ngắn",0.27,"size"
"291",28,"ti-vi","furniture","predicate1","màu xanh dương",0,"color"
"292",28,"chuối","food","predicate1","cũ",0,"age"
"293",28,"bàn","furniture","predicate1","ngắn",1,"size"
"294",28,"táo","food","predicate1","rắn",1,"texture"
"295",28,"cà chua","food","predicate1","màu nâu",0,"color"
"296",28,"bàn","furniture","predicate1","nặng",1,"size"
"297",28,"cà rốt","food","predicate1","nặng",0,"size"
"298",28,"cà chua","food","predicate1","mắc",0.84,"quality"
"299",28,"cà chua","food","predicate1","nặng",1,"size"
"300",28,"táo","food","predicate1","rắn",1,"texture"
"301",28,"tủ","furniture","predicate1","màu xanh lá",1,"color"
"302",28,"phô mai","food","predicate1","tròn",0.42,"shape"
"303",28,"quạt máy","furniture","predicate1","trơn",0.11,"texture"
"304",28,"cà rốt","food","predicate1","Mỹ",0,"nationality"
"305",28,"cà chua","food","predicate1","ngắn",0,"size"
"306",28,"táo","food","predicate1","nặng",0,"size"
"307",28,"cà rốt","food","predicate1","màu xanh dương",0.49,"color"
"308",28,"cà rốt","food","predicate1","trơn",0.47,"texture"
"309",28,"chuối","food","predicate1","rắn",1,"texture"
"310",28,"cà rốt","food","predicate1","rắn",0.51,"texture"
"311",28,"quạt máy","furniture","predicate1","trơn",1,"texture"
"312",28,"cà rốt","food","predicate1","tệ",1,"quality"
"313",32,"quạt máy","furniture","predicate1","nhỏ",0,"size"
"314",32,"cà chua","food","predicate1","Mỹ",0,"nationality"
"315",32,"bàn","furniture","predicate1","trơn",1,"texture"
"316",32,"ti-vi","furniture","predicate1","màu vàng",0,"color"
"317",32,"phô mai","food","predicate1","cũ",0,"age"
"318",32,"ghế","furniture","predicate1","tệ",0,"quality"
"319",32,"tủ","furniture","predicate1","mắc",1,"quality"
"320",32,"cà chua","food","predicate1","Đức",0,"nationality"
"321",32,"cà chua","food","predicate1","mới",0,"age"
"322",32,"tủ","furniture","predicate1","mắc",0,"quality"
"323",32,"cà chua","food","predicate1","màu nâu",0,"color"
"324",32,"tủ","furniture","predicate1","Pháp",0,"nationality"
"325",32,"chuối","food","predicate1","tròn",0,"shape"
"326",32,"chuối","food","predicate1","mắc",1,"quality"
"327",32,"tủ","furniture","predicate1","màu nâu",0,"color"
"328",32,"ti-vi","furniture","predicate1","Pháp",0,"nationality"
"329",32,"quạt máy","furniture","predicate1","màu xanh lá",0,"color"
"330",32,"cà chua","food","predicate1","ngắn",1,"size"
"331",32,"táo","food","predicate1","cũ",0,"age"
"332",32,"táo","food","predicate1","tròn",0,"shape"
"333",32,"phô mai","food","predicate1","màu nâu",0,"color"
"334",32,"cà chua","food","predicate1","màu nâu",0,"color"
"335",32,"ti-vi","furniture","predicate1","màu vàng",0,"color"
"336",32,"chuối","food","predicate1","màu xanh lá",0,"color"
"337",32,"ti-vi","furniture","predicate1","màu xanh lá",0,"color"
"338",32,"bàn","furniture","predicate1","màu đỏ",0,"color"
"339",4,"táo","food","rightpredicate1","tươi",0.03,"age"
"340",4,"bàn","furniture","rightpredicate1","tròn",0.99,"shape"
"341",4,"cà chua","food","rightpredicate1","Đức",0.05,"nationality"
"342",4,"chuối","food","rightpredicate1","tươi",0.97,"age"
"343",4,"cà rốt","food","rightpredicate1","mới",0.97,"age"
"344",4,"phô mai","food","rightpredicate1","vuông",0.0600000000000001,"shape"
"345",4,"phô mai","food","rightpredicate1","Mỹ",0.04,"nationality"
"346",4,"ghế","furniture","rightpredicate1","tệ",0.04,"quality"
"347",4,"ghế","furniture","rightpredicate1","mắc",0.98,"quality"
"348",4,"cà rốt","food","rightpredicate1","vuông",0.94,"shape"
"349",4,"phô mai","food","rightpredicate1","trơn",0.05,"texture"
"350",4,"cà chua","food","rightpredicate1","mắc",1,"quality"
"351",4,"cà rốt","food","rightpredicate1","Pháp",0.05,"nationality"
"352",4,"ghế","furniture","rightpredicate1","Mỹ",0.04,"nationality"
"353",4,"bàn","furniture","rightpredicate1","mới",0.93,"age"
"354",4,"cà chua","food","rightpredicate1","trơn",0.03,"texture"
"355",4,"cà chua","food","rightpredicate1","màu vàng",0.94,"color"
"356",4,"bàn","furniture","rightpredicate1","Pháp",0.03,"nationality"
"357",4,"cà chua","food","rightpredicate1","mắc",0.93,"quality"
"358",4,"cà rốt","food","rightpredicate1","màu xanh lá",0.93,"color"
"359",4,"ti-vi","furniture","rightpredicate1","màu nâu",0.97,"color"
"360",4,"phô mai","food","rightpredicate1","rắn",0.05,"texture"
"361",4,"táo","food","rightpredicate1","cũ",0.05,"age"
"362",4,"táo","food","rightpredicate1","ngắn",0.08,"size"
"363",4,"táo","food","rightpredicate1","Đức",0.03,"nationality"
"364",4,"phô mai","food","rightpredicate1","vuông",0.04,"shape"
"365",6,"cà rốt","food","rightpredicate1","to",0.03,"size"
"366",6,"táo","food","rightpredicate1","hư",0.99,"age"
"367",6,"quạt máy","furniture","rightpredicate1","nhỏ",1,"size"
"368",6,"cà rốt","food","rightpredicate1","Mỹ",0.01,"nationality"
"369",6,"cà rốt","food","rightpredicate1","tròn",0.03,"shape"
"370",6,"cà chua","food","rightpredicate1","rắn",1,"texture"
"371",6,"ghế","furniture","rightpredicate1","Pháp",0.01,"nationality"
"372",6,"cà chua","food","rightpredicate1","nhỏ",0.99,"size"
"373",6,"cà chua","food","rightpredicate1","Mỹ",0.03,"nationality"
"374",6,"táo","food","rightpredicate1","nhỏ",0.01,"size"
"375",6,"táo","food","rightpredicate1","ngắn",0.02,"size"
"376",6,"cà rốt","food","rightpredicate1","Đức",0.03,"nationality"
"377",6,"cà rốt","food","rightpredicate1","Mỹ",0.03,"nationality"
"378",6,"ti-vi","furniture","rightpredicate1","mắc",0.98,"quality"
"379",6,"cà chua","food","rightpredicate1","Pháp",0.04,"nationality"
"380",6,"cà chua","food","rightpredicate1","mềm",0.02,"texture"
"381",6,"quạt máy","furniture","rightpredicate1","nhẹ",0.99,"size"
"382",6,"quạt máy","furniture","rightpredicate1","màu đỏ",1,"color"
"383",6,"ghế","furniture","rightpredicate1","nhỏ",0.04,"size"
"384",6,"chuối","food","rightpredicate1","to",0.98,"size"
"385",6,"táo","food","rightpredicate1","mắc",1,"quality"
"386",6,"bàn","furniture","rightpredicate1","tươi",0.98,"age"
"387",6,"cà chua","food","rightpredicate1","Mỹ",0.04,"nationality"
"388",6,"táo","food","rightpredicate1","màu xanh dương",1,"color"
"389",6,"cà rốt","food","rightpredicate1","tệ",0.98,"quality"
"390",6,"táo","food","rightpredicate1","mắc",0.97,"quality"
"391",8,"bàn","furniture","rightpredicate1","vuông",1,"shape"
"392",8,"chuối","food","rightpredicate1","ngắn",1,"size"
"393",8,"chuối","food","rightpredicate1","ngắn",0,"size"
"394",8,"phô mai","food","rightpredicate1","mắc",1,"quality"
"395",8,"táo","food","rightpredicate1","vuông",0,"shape"
"396",8,"quạt máy","furniture","rightpredicate1","mắc",1,"quality"
"397",8,"chuối","food","rightpredicate1","Mỹ",1,"nationality"
"398",8,"cà rốt","food","rightpredicate1","vuông",0,"shape"
"399",8,"tủ","furniture","rightpredicate1","trơn",1,"texture"
"400",8,"cà chua","food","rightpredicate1","mắc",0,"quality"
"401",8,"táo","food","rightpredicate1","rắn",0.1,"texture"
"402",8,"táo","food","rightpredicate1","màu xanh dương",0.66,"color"
"403",8,"bàn","furniture","rightpredicate1","dài",0.1,"size"
"404",8,"ghế","furniture","rightpredicate1","màu đỏ",0.63,"color"
"405",8,"ghế","furniture","rightpredicate1","hư",0.12,"age"
"406",8,"chuối","food","rightpredicate1","màu vàng",0.64,"color"
"407",8,"ghế","furniture","rightpredicate1","to",0.16,"size"
"408",8,"bàn","furniture","rightpredicate1","nhỏ",0.87,"size"
"409",8,"táo","food","rightpredicate1","nặng",0.08,"size"
"410",8,"chuối","food","rightpredicate1","to",0.17,"size"
"411",8,"cà rốt","food","rightpredicate1","tệ",0.1,"quality"
"412",8,"ghế","furniture","rightpredicate1","vuông",0.13,"shape"
"413",8,"phô mai","food","rightpredicate1","màu vàng",0.88,"color"
"414",8,"bàn","furniture","rightpredicate1","mềm",0.17,"texture"
"415",8,"ghế","furniture","rightpredicate1","mềm",0.09,"texture"
"416",8,"bàn","furniture","rightpredicate1","Đức",0.92,"nationality"
"417",10,"chuối","food","rightpredicate1","vuông",0.29,"shape"
"418",10,"táo","food","rightpredicate1","hư",0.75,"age"
"419",10,"cà chua","food","rightpredicate1","màu xanh lá",0.26,"color"
"420",10,"phô mai","food","rightpredicate1","màu xanh lá",0.71,"color"
"421",10,"ti-vi","furniture","rightpredicate1","vuông",0.23,"shape"
"422",10,"ghế","furniture","rightpredicate1","cũ",0.02,"age"
"423",10,"bàn","furniture","rightpredicate1","nhỏ",0.68,"size"
"424",10,"quạt máy","furniture","rightpredicate1","nặng",0.16,"size"
"425",10,"tủ","furniture","rightpredicate1","Pháp",0.02,"nationality"
"426",10,"ghế","furniture","rightpredicate1","tệ",0.9,"quality"
"427",10,"tủ","furniture","rightpredicate1","hư",0.88,"age"
"428",10,"chuối","food","rightpredicate1","màu tím",1,"color"
"429",10,"ti-vi","furniture","rightpredicate1","vuông",0,"shape"
"430",10,"phô mai","food","rightpredicate1","màu xanh dương",1,"color"
"431",10,"ti-vi","furniture","rightpredicate1","màu xanh lá",1,"color"
"432",10,"ti-vi","furniture","rightpredicate1","hư",0.89,"age"
"433",10,"ti-vi","furniture","rightpredicate1","tươi",0.87,"age"
"434",10,"táo","food","rightpredicate1","nhỏ",0.84,"size"
"435",10,"cà rốt","food","rightpredicate1","tươi",0.92,"age"
"436",10,"tủ","furniture","rightpredicate1","Pháp",0.0600000000000001,"nationality"
"437",10,"cà chua","food","rightpredicate1","mới",0.03,"age"
"438",10,"quạt máy","furniture","rightpredicate1","cũ",0.04,"age"
"439",10,"quạt máy","furniture","rightpredicate1","màu nâu",0.95,"color"
"440",10,"cà chua","food","rightpredicate1","mắc",0.97,"quality"
"441",10,"ti-vi","furniture","rightpredicate1","mềm",0.07,"texture"
"442",10,"quạt máy","furniture","rightpredicate1","ngắn",0.05,"size"
"443",13,"chuối","food","rightpredicate1","tệ",0.24,"quality"
"444",13,"cà chua","food","rightpredicate1","hư",0.83,"age"
"445",13,"ti-vi","furniture","rightpredicate1","màu đỏ",0.99,"color"
"446",13,"ti-vi","furniture","rightpredicate1","màu tím",0.97,"color"
"447",13,"tủ","furniture","rightpredicate1","Pháp",0.02,"nationality"
"448",13,"táo","food","rightpredicate1","màu tím",0.99,"color"
"449",13,"phô mai","food","rightpredicate1","Pháp",0.02,"nationality"
"450",13,"chuối","food","rightpredicate1","mắc",0.96,"quality"
"451",13,"táo","food","rightpredicate1","to",0.0600000000000001,"size"
"452",13,"cà chua","food","rightpredicate1","trơn",0.95,"texture"
"453",13,"quạt máy","furniture","rightpredicate1","nhẹ",0.01,"size"
"454",13,"ghế","furniture","rightpredicate1","mới",0.99,"age"
"455",13,"ti-vi","furniture","rightpredicate1","trơn",0.03,"texture"
"456",13,"táo","food","rightpredicate1","Mỹ",0.08,"nationality"
"457",13,"quạt máy","furniture","rightpredicate1","nhẹ",0.08,"size"
"458",13,"quạt máy","furniture","rightpredicate1","Mỹ",0.96,"nationality"
"459",13,"cà rốt","food","rightpredicate1","mắc",0.95,"quality"
"460",13,"cà chua","food","rightpredicate1","tươi",0,"age"
"461",13,"chuối","food","rightpredicate1","to",0.05,"size"
"462",13,"bàn","furniture","rightpredicate1","vuông",0.04,"shape"
"463",13,"táo","food","rightpredicate1","màu xanh lá",0.97,"color"
"464",13,"ti-vi","furniture","rightpredicate1","trơn",0.04,"texture"
"465",13,"táo","food","rightpredicate1","màu nâu",0.03,"color"
"466",13,"ti-vi","furniture","rightpredicate1","cũ",0.02,"age"
"467",13,"quạt máy","furniture","rightpredicate1","cũ",0.04,"age"
"468",13,"chuối","food","rightpredicate1","mới",0.03,"age"
"469",18,"ti-vi","furniture","rightpredicate1","to",0.31,"size"
"470",18,"ghế","furniture","rightpredicate1","tệ",0.72,"quality"
"471",18,"bàn","furniture","rightpredicate1","nặng",0.78,"size"
"472",18,"táo","food","rightpredicate1","nhỏ",0.18,"size"
"473",18,"cà rốt","food","rightpredicate1","trơn",0.23,"texture"
"474",18,"phô mai","food","rightpredicate1","mắc",0.79,"quality"
"475",18,"táo","food","rightpredicate1","màu xanh lá",0.83,"color"
"476",18,"táo","food","rightpredicate1","màu xanh lá",0.82,"color"
"477",18,"bàn","furniture","rightpredicate1","tươi",0.78,"age"
"478",18,"ghế","furniture","rightpredicate1","Đức",0.25,"nationality"
"479",18,"cà chua","food","rightpredicate1","trơn",0.29,"texture"
"480",18,"cà rốt","food","rightpredicate1","hư",0.76,"age"
"481",18,"cà rốt","food","rightpredicate1","màu đỏ",0.82,"color"
"482",18,"ghế","furniture","rightpredicate1","màu xanh lá",0.82,"color"
"483",18,"tủ","furniture","rightpredicate1","tròn",0.13,"shape"
"484",18,"cà rốt","food","rightpredicate1","Đức",0.17,"nationality"
"485",18,"ghế","furniture","rightpredicate1","mắc",0.84,"quality"
"486",18,"cà chua","food","rightpredicate1","màu nâu",0.87,"color"
"487",18,"tủ","furniture","rightpredicate1","màu xanh lá",0.83,"color"
"488",18,"phô mai","food","rightpredicate1","Pháp",0.16,"nationality"
"489",18,"ghế","furniture","rightpredicate1","màu xanh lá",0.87,"color"
"490",18,"quạt máy","furniture","rightpredicate1","màu xanh lá",0.86,"color"
"491",18,"chuối","food","rightpredicate1","trơn",0.17,"texture"
"492",18,"táo","food","rightpredicate1","trơn",0.15,"texture"
"493",18,"bàn","furniture","rightpredicate1","hư",0.18,"age"
"494",18,"cà chua","food","rightpredicate1","vuông",0.37,"shape"
"495",20,"bàn","furniture","rightpredicate1","cũ",0,"age"
"496",20,"quạt máy","furniture","rightpredicate1","to",0.05,"size"
"497",20,"ghế","furniture","rightpredicate1","vuông",0.01,"shape"
"498",20,"cà chua","food","rightpredicate1","hư",0.95,"age"
"499",20,"bàn","furniture","rightpredicate1","hư",0.99,"age"
"500",20,"táo","food","rightpredicate1","mềm",0.04,"texture"
"501",20,"bàn","furniture","rightpredicate1","dài",0,"size"
"502",20,"cà chua","food","rightpredicate1","màu nâu",0.0600000000000001,"color"
"503",20,"cà chua","food","rightpredicate1","Đức",0.05,"nationality"
"504",20,"cà rốt","food","rightpredicate1","màu xanh lá",0.99,"color"
"505",20,"cà chua","food","rightpredicate1","nặng",1,"size"
"506",20,"quạt máy","furniture","rightpredicate1","tròn",0.01,"shape"
"507",20,"ti-vi","furniture","rightpredicate1","dài",0.96,"size"
"508",20,"ghế","furniture","rightpredicate1","vuông",0.05,"shape"
"509",20,"cà rốt","food","rightpredicate1","Đức",0.04,"nationality"
"510",20,"cà rốt","food","rightpredicate1","màu nâu",0.95,"color"
"511",20,"ti-vi","furniture","rightpredicate1","Pháp",0.07,"nationality"
"512",20,"bàn","furniture","rightpredicate1","Pháp",0.04,"nationality"
"513",20,"tủ","furniture","rightpredicate1","màu tím",0.22,"color"
"514",20,"chuối","food","rightpredicate1","nặng",0.96,"size"
"515",20,"quạt máy","furniture","rightpredicate1","hư",1,"age"
"516",20,"bàn","furniture","rightpredicate1","mới",0.97,"age"
"517",20,"quạt máy","furniture","rightpredicate1","màu xanh lá",0.99,"color"
"518",20,"tủ","furniture","rightpredicate1","hư",0.85,"age"
"519",20,"bàn","furniture","rightpredicate1","màu đỏ",0.36,"color"
"520",20,"ghế","furniture","rightpredicate1","vuông",0.04,"shape"
"521",22,"phô mai","food","rightpredicate1","dài",1,"size"
"522",22,"chuối","food","rightpredicate1","nhỏ",0.96,"size"
"523",22,"cà rốt","food","rightpredicate1","mềm",0.96,"texture"
"524",22,"quạt máy","furniture","rightpredicate1","nhỏ",0.01,"size"
"525",22,"bàn","furniture","rightpredicate1","Đức",0,"nationality"
"526",22,"ti-vi","furniture","rightpredicate1","màu xanh lá",0,"color"
"527",22,"táo","food","rightpredicate1","Pháp",0,"nationality"
"528",22,"chuối","food","rightpredicate1","rắn",1,"texture"
"529",22,"bàn","furniture","rightpredicate1","nặng",0,"size"
"530",22,"quạt máy","furniture","rightpredicate1","tệ",0.51,"quality"
"531",22,"cà rốt","food","rightpredicate1","nhỏ",0.6,"size"
"532",22,"phô mai","food","rightpredicate1","Đức",0,"nationality"
"533",22,"cà rốt","food","rightpredicate1","vuông",1,"shape"
"534",22,"phô mai","food","rightpredicate1","tươi",1,"age"
"535",22,"cà rốt","food","rightpredicate1","cũ",0.51,"age"
"536",22,"quạt máy","furniture","rightpredicate1","rắn",0.21,"texture"
"537",22,"phô mai","food","rightpredicate1","Đức",0,"nationality"
"538",22,"phô mai","food","rightpredicate1","Đức",0,"nationality"
"539",22,"cà rốt","food","rightpredicate1","màu đỏ",1,"color"
"540",22,"chuối","food","rightpredicate1","Pháp",0,"nationality"
"541",22,"cà rốt","food","rightpredicate1","ngắn",0.28,"size"
"542",22,"ti-vi","furniture","rightpredicate1","màu nâu",1,"color"
"543",22,"bàn","furniture","rightpredicate1","trơn",1,"texture"
"544",22,"ti-vi","furniture","rightpredicate1","nặng",1,"size"
"545",22,"quạt máy","furniture","rightpredicate1","màu xanh dương",0.83,"color"
"546",22,"bàn","furniture","rightpredicate1","mắc",0.98,"quality"
"547",24,"quạt máy","furniture","rightpredicate1","trơn",0.76,"texture"
"548",24,"bàn","furniture","rightpredicate1","cũ",0,"age"
"549",24,"cà chua","food","rightpredicate1","vuông",0,"shape"
"550",24,"ghế","furniture","rightpredicate1","nhỏ",0.24,"size"
"551",24,"phô mai","food","rightpredicate1","trơn",0.02,"texture"
"552",24,"táo","food","rightpredicate1","trơn",0.83,"texture"
"553",24,"phô mai","food","rightpredicate1","trơn",0.12,"texture"
"554",24,"quạt máy","furniture","rightpredicate1","trơn",0.88,"texture"
"555",24,"cà chua","food","rightpredicate1","tệ",0.77,"quality"
"556",24,"ti-vi","furniture","rightpredicate1","màu đỏ",0.77,"color"
"557",24,"quạt máy","furniture","rightpredicate1","mắc",0.11,"quality"
"558",24,"ghế","furniture","rightpredicate1","to",0.1,"size"
"559",24,"cà rốt","food","rightpredicate1","màu nâu",1,"color"
"560",24,"tủ","furniture","rightpredicate1","màu tím",1,"color"
"561",24,"chuối","food","rightpredicate1","mềm",0.98,"texture"
"562",24,"tủ","furniture","rightpredicate1","tròn",0.0600000000000001,"shape"
"563",24,"phô mai","food","rightpredicate1","Đức",0.03,"nationality"
"564",24,"bàn","furniture","rightpredicate1","mềm",0.71,"texture"
"565",24,"bàn","furniture","rightpredicate1","vuông",0.86,"shape"
"566",24,"chuối","food","rightpredicate1","cũ",0.0600000000000001,"age"
"567",24,"chuối","food","rightpredicate1","tươi",0.05,"age"
"568",24,"cà rốt","food","rightpredicate1","màu xanh lá",0.29,"color"
"569",24,"cà chua","food","rightpredicate1","Đức",0.24,"nationality"
"570",24,"bàn","furniture","rightpredicate1","mắc",0.85,"quality"
"571",24,"táo","food","rightpredicate1","dài",0.17,"size"
"572",24,"quạt máy","furniture","rightpredicate1","ngắn",0.13,"size"
"573",25,"cà rốt","food","rightpredicate1","mềm",0.84,"texture"
"574",25,"chuối","food","rightpredicate1","tệ",0.88,"quality"
"575",25,"cà chua","food","rightpredicate1","nhẹ",0.69,"size"
"576",25,"cà chua","food","rightpredicate1","màu xanh lá",0.68,"color"
"577",25,"ghế","furniture","rightpredicate1","to",0.8,"size"
"578",25,"ti-vi","furniture","rightpredicate1","hư",0.84,"age"
"579",25,"bàn","furniture","rightpredicate1","to",0.69,"size"
"580",25,"phô mai","food","rightpredicate1","Pháp",0.18,"nationality"
"581",25,"táo","food","rightpredicate1","màu đỏ",0.86,"color"
"582",25,"cà chua","food","rightpredicate1","mắc",0.95,"quality"
"583",25,"ti-vi","furniture","rightpredicate1","mắc",0.95,"quality"
"584",25,"chuối","food","rightpredicate1","Mỹ",0.15,"nationality"
"585",25,"tủ","furniture","rightpredicate1","trơn",0.67,"texture"
"586",25,"táo","food","rightpredicate1","Đức",0.05,"nationality"
"587",25,"ghế","furniture","rightpredicate1","mới",0.14,"age"
"588",25,"cà rốt","food","rightpredicate1","màu tím",0.93,"color"
"589",25,"ghế","furniture","rightpredicate1","mới",0.03,"age"
"590",25,"quạt máy","furniture","rightpredicate1","cũ",0.22,"age"
"591",25,"phô mai","food","rightpredicate1","mắc",0.94,"quality"
"592",25,"bàn","furniture","rightpredicate1","mới",0.16,"age"
"593",25,"cà chua","food","rightpredicate1","vuông",0.14,"shape"
"594",25,"quạt máy","furniture","rightpredicate1","mềm",0.91,"texture"
"595",25,"táo","food","rightpredicate1","mới",0.1,"age"
"596",25,"phô mai","food","rightpredicate1","nặng",0.93,"size"
"597",25,"ghế","furniture","rightpredicate1","Pháp",0.09,"nationality"
"598",25,"bàn","furniture","rightpredicate1","tươi",0.51,"age"
"599",27,"táo","food","rightpredicate1","Pháp",0.27,"nationality"
"600",27,"ti-vi","furniture","rightpredicate1","mắc",0.15,"quality"
"601",27,"táo","food","rightpredicate1","màu đỏ",0.09,"color"
"602",27,"ti-vi","furniture","rightpredicate1","to",0.87,"size"
"603",27,"tủ","furniture","rightpredicate1","mắc",0.11,"quality"
"604",27,"chuối","food","rightpredicate1","hư",0.85,"age"
"605",27,"quạt máy","furniture","rightpredicate1","tươi",0.17,"age"
"606",27,"phô mai","food","rightpredicate1","nhẹ",0.09,"size"
"607",27,"ti-vi","furniture","rightpredicate1","trơn",0.12,"texture"
"608",27,"chuối","food","rightpredicate1","nhỏ",0.13,"size"
"609",27,"chuối","food","rightpredicate1","màu đỏ",0.87,"color"
"610",27,"bàn","furniture","rightpredicate1","màu xanh lá",0.94,"color"
"611",27,"ghế","furniture","rightpredicate1","màu tím",0.95,"color"
"612",27,"tủ","furniture","rightpredicate1","cũ",0.94,"age"
"613",27,"phô mai","food","rightpredicate1","nhẹ",0.86,"size"
"614",27,"chuối","food","rightpredicate1","rắn",0.1,"texture"
"615",27,"ghế","furniture","rightpredicate1","ngắn",0,"size"
"616",27,"ti-vi","furniture","rightpredicate1","tươi",0.96,"age"
"617",27,"bàn","furniture","rightpredicate1","nặng",0.89,"size"
"618",27,"táo","food","rightpredicate1","nặng",0.97,"size"
"619",27,"táo","food","rightpredicate1","vuông",0.02,"shape"
"620",27,"ti-vi","furniture","rightpredicate1","cũ",0.1,"age"
"621",27,"quạt máy","furniture","rightpredicate1","trơn",0.95,"texture"
"622",27,"phô mai","food","rightpredicate1","màu xanh dương",0.94,"color"
"623",27,"tủ","furniture","rightpredicate1","nhẹ",0.07,"size"
"624",27,"cà chua","food","rightpredicate1","màu đỏ",0.96,"color"
"625",28,"ti-vi","furniture","rightpredicate1","ngắn",0,"size"
"626",28,"ghế","furniture","rightpredicate1","tệ",1,"quality"
"627",28,"cà chua","food","rightpredicate1","trơn",1,"texture"
"628",28,"chuối","food","rightpredicate1","mềm",0.73,"texture"
"629",28,"ti-vi","furniture","rightpredicate1","nặng",1,"size"
"630",28,"chuối","food","rightpredicate1","mềm",1,"texture"
"631",28,"bàn","furniture","rightpredicate1","tròn",0,"shape"
"632",28,"táo","food","rightpredicate1","mới",0,"age"
"633",28,"cà chua","food","rightpredicate1","mới",1,"age"
"634",28,"bàn","furniture","rightpredicate1","vuông",0,"shape"
"635",28,"cà rốt","food","rightpredicate1","màu vàng",1,"color"
"636",28,"cà chua","food","rightpredicate1","rắn",0.16,"texture"
"637",28,"cà chua","food","rightpredicate1","vuông",0,"shape"
"638",28,"táo","food","rightpredicate1","cũ",0,"age"
"639",28,"tủ","furniture","rightpredicate1","Đức",0,"nationality"
"640",28,"phô mai","food","rightpredicate1","nhỏ",0.58,"size"
"641",28,"quạt máy","furniture","rightpredicate1","tệ",0.89,"quality"
"642",28,"cà rốt","food","rightpredicate1","màu vàng",1,"color"
"643",28,"cà chua","food","rightpredicate1","màu đỏ",1,"color"
"644",28,"táo","food","rightpredicate1","rắn",1,"texture"
"645",28,"cà rốt","food","rightpredicate1","dài",0.51,"size"
"646",28,"cà rốt","food","rightpredicate1","cũ",0.53,"age"
"647",28,"chuối","food","rightpredicate1","tươi",0,"age"
"648",28,"cà rốt","food","rightpredicate1","nhẹ",0.49,"size"
"649",28,"quạt máy","furniture","rightpredicate1","Đức",0,"nationality"
"650",28,"cà rốt","food","rightpredicate1","cũ",0,"age"
"651",32,"quạt máy","furniture","rightpredicate1","màu xanh lá",1,"color"
"652",32,"cà chua","food","rightpredicate1","tệ",1,"quality"
"653",32,"bàn","furniture","rightpredicate1","Đức",0,"nationality"
"654",32,"ti-vi","furniture","rightpredicate1","nhẹ",1,"size"
"655",32,"phô mai","food","rightpredicate1","trơn",1,"texture"
"656",32,"ghế","furniture","rightpredicate1","nhẹ",1,"size"
"657",32,"tủ","furniture","rightpredicate1","to",0,"size"
"658",32,"cà chua","food","rightpredicate1","màu nâu",1,"color"
"659",32,"cà chua","food","rightpredicate1","ngắn",1,"size"
"660",32,"tủ","furniture","rightpredicate1","tươi",1,"age"
"661",32,"cà chua","food","rightpredicate1","to",1,"size"
"662",32,"tủ","furniture","rightpredicate1","màu nâu",1,"color"
"663",32,"chuối","food","rightpredicate1","tệ",1,"quality"
"664",32,"chuối","food","rightpredicate1","màu xanh lá",0,"color"
"665",32,"tủ","furniture","rightpredicate1","hư",1,"age"
"666",32,"ti-vi","furniture","rightpredicate1","mềm",1,"texture"
"667",32,"quạt máy","furniture","rightpredicate1","tròn",1,"shape"
"668",32,"cà chua","food","rightpredicate1","màu vàng",0,"color"
"669",32,"táo","food","rightpredicate1","to",1,"size"
"670",32,"táo","food","rightpredicate1","Mỹ",1,"nationality"
"671",32,"phô mai","food","rightpredicate1","to",1,"size"
"672",32,"cà chua","food","rightpredicate1","tệ",1,"quality"
"673",32,"ti-vi","furniture","rightpredicate1","Pháp",1,"nationality"
"674",32,"chuối","food","rightpredicate1","rắn",1,"texture"
"675",32,"ti-vi","furniture","rightpredicate1","nặng",1,"size"
"676",32,"bàn","furniture","rightpredicate1","nhỏ",1,"size"
